-- phpMyAdmin SQL Dump
-- version 4.6.6deb4
-- https://www.phpmyadmin.net/
--
-- Client :  localhost:3306
-- Généré le :  Ven 21 Juin 2019 à 03:22
-- Version du serveur :  5.7.26
-- Version de PHP :  7.0.33-8+0~20190531121058.14+stretch~1.gbpe7d4ff

SET SQL_MODE = "NO_AUTO_VALUE_ON_ZERO";
SET time_zone = "+00:00";


/*!40101 SET @OLD_CHARACTER_SET_CLIENT=@@CHARACTER_SET_CLIENT */;
/*!40101 SET @OLD_CHARACTER_SET_RESULTS=@@CHARACTER_SET_RESULTS */;
/*!40101 SET @OLD_COLLATION_CONNECTION=@@COLLATION_CONNECTION */;
/*!40101 SET NAMES utf8mb4 */;

--
-- Base de données :  `IutProjetS2`
--

-- --------------------------------------------------------

--
-- Structure de la table `Avoir`
--

CREATE TABLE `Avoir` (
  `idJeu` int(11) NOT NULL,
  `idTpJeu` int(11) NOT NULL
) ENGINE=InnoDB DEFAULT CHARSET=latin1;

--
-- Contenu de la table `Avoir`
--

INSERT INTO `Avoir` (`idJeu`, `idTpJeu`) VALUES
(1, 1),
(2, 1),
(3, 1),
(4, 2),
(2, 3),
(1, 4),
(3, 4);

-- --------------------------------------------------------

--
-- Structure de la table `Jeu`
--

CREATE TABLE `Jeu` (
  `idJeu` int(11) NOT NULL,
  `nomJeu` varchar(255) NOT NULL,
  `descJeu` text NOT NULL,
  `banniereJeu` varchar(255) NOT NULL,
  `jeu` varchar(255) NOT NULL
) ENGINE=InnoDB DEFAULT CHARSET=latin1;

--
-- Contenu de la table `Jeu`
--

INSERT INTO `Jeu` (`idJeu`, `nomJeu`, `descJeu`, `banniereJeu`, `jeu`) VALUES
(1, 'Flappy Gravity', 'Dans Flappy Gravity, vous devez contrôler un petit avion en inversant la gravité afin d\'éviter les obstacles qui se dressent sur son chemin ! Un jeu pleins de challenges pour toute la famille !', 'http://51.254.214.140/resources/img/miniature-avion.png', 'flappygravity'),
(2, 'VesquiLesBombes', 'Dans VesquiLesBombes, vous incarnez un petit villageois qui doit récolter des étoiles pour sauver son village, tout en esquivant les bombes qui tombent du ciel. Un jeu hardcore pour les vrais gamers.', 'http://51.254.214.140/resources/img/miniature-VesquiLesBombes.png', 'vesquilesbombes'),
(3, 'Coin Collecter', 'Dans Coin Collector, vous incarnez un pillard de tombes tentant de voler l\'or des morts dans des ruines antiques. Il devra pour cela esquiver les attaques des âmes de défunts tentant de protéger leurs possessions. Un jeu drôle et amusant pour toute la famille !', 'http://51.254.214.140/resources/img/miniatureCoin.png', 'coincollecter'),
(4, '2048', '2048', 'http://51.254.214.140/resources/img/miniature2048.png', '2048');

-- --------------------------------------------------------

--
-- Structure de la table `Message`
--

CREATE TABLE `Message` (
  `idExp` int(11) NOT NULL,
  `idDest` int(11) NOT NULL,
  `dateMess` datetime NOT NULL,
  `message` text NOT NULL,
  `objet` varchar(255) NOT NULL
) ENGINE=InnoDB DEFAULT CHARSET=latin1;

--
-- Contenu de la table `Message`
--

INSERT INTO `Message` (`idExp`, `idDest`, `dateMess`, `message`, `objet`) VALUES
(14, 22, '2019-06-21 03:08:54', 'PAS TROP DEG DE MON 13 SUR COINCOLLECTER ?', 'JE T\'AI BATTU'),
(14, 26, '2019-06-21 03:16:43', 'Alors tu penses quoi du site ?', 'Site'),
(22, 23, '2019-06-21 03:08:08', '2048', '2048');

-- --------------------------------------------------------

--
-- Structure de la table `Note`
--

CREATE TABLE `Note` (
  `idUt` int(11) NOT NULL,
  `idJeu` int(11) NOT NULL,
  `note` float NOT NULL
) ENGINE=InnoDB DEFAULT CHARSET=latin1;

--
-- Contenu de la table `Note`
--

INSERT INTO `Note` (`idUt`, `idJeu`, `note`) VALUES
(14, 1, 5),
(15, 1, 3.5),
(15, 2, 3.5),
(16, 1, 4.5);

-- --------------------------------------------------------

--
-- Structure de la table `Score`
--

CREATE TABLE `Score` (
  `idUt` int(11) NOT NULL,
  `idJeu` int(11) NOT NULL,
  `dateScore` datetime NOT NULL,
  `valScore` int(11) NOT NULL,
  `idTpScore` int(11) NOT NULL
) ENGINE=InnoDB DEFAULT CHARSET=latin1;

--
-- Contenu de la table `Score`
--

INSERT INTO `Score` (`idUt`, `idJeu`, `dateScore`, `valScore`, `idTpScore`) VALUES
(14, 1, '2019-06-21 01:54:53', 1, 1),
(14, 1, '2019-06-21 01:54:59', 2, 1),
(14, 1, '2019-06-21 01:55:06', 2, 1),
(14, 1, '2019-06-21 01:56:11', 2, 1),
(14, 1, '2019-06-21 01:56:21', 4, 1),
(14, 1, '2019-06-21 01:56:45', 3, 1),
(14, 1, '2019-06-21 01:56:57', 6, 1),
(14, 1, '2019-06-21 01:57:41', 3, 1),
(14, 1, '2019-06-21 01:59:21', 2, 1),
(14, 1, '2019-06-21 01:59:27', 2, 1),
(14, 1, '2019-06-21 01:59:33', 1, 1),
(14, 1, '2019-06-21 01:59:45', 6, 1),
(14, 1, '2019-06-21 02:00:07', 1, 1),
(14, 1, '2019-06-21 02:00:15', 2, 1),
(14, 1, '2019-06-21 02:00:21', 1, 1),
(14, 1, '2019-06-21 02:00:28', 2, 1),
(14, 1, '2019-06-21 02:00:36', 2, 1),
(14, 1, '2019-06-21 02:00:42', 1, 1),
(14, 1, '2019-06-21 02:00:55', 2, 1),
(14, 1, '2019-06-21 02:02:11', 3, 1),
(14, 1, '2019-06-21 02:02:22', 3, 1),
(14, 1, '2019-06-21 02:19:05', 2, 1),
(14, 1, '2019-06-21 02:19:14', 3, 1),
(14, 1, '2019-06-21 02:19:23', 3, 1),
(14, 1, '2019-06-21 02:52:04', 1, 1),
(14, 1, '2019-06-21 02:52:13', 4, 1),
(14, 1, '2019-06-21 02:52:20', 2, 1),
(14, 1, '2019-06-21 02:52:25', 1, 1),
(14, 1, '2019-06-21 02:52:40', 4, 1),
(14, 1, '2019-06-21 02:52:48', 2, 1),
(14, 1, '2019-06-21 02:52:55', 3, 1),
(14, 1, '2019-06-21 02:53:03', 3, 1),
(14, 1, '2019-06-21 02:53:10', 2, 1),
(14, 1, '2019-06-21 02:53:23', 3, 1),
(14, 1, '2019-06-21 02:53:32', 3, 1),
(14, 1, '2019-06-21 02:54:10', 2, 1),
(14, 1, '2019-06-21 02:54:16', 1, 1),
(14, 1, '2019-06-21 02:54:28', 1, 1),
(14, 1, '2019-06-21 02:54:35', 1, 1),
(14, 1, '2019-06-21 02:54:43', 3, 1),
(14, 1, '2019-06-21 02:55:28', 3, 1),
(14, 1, '2019-06-21 02:55:42', 8, 1),
(14, 1, '2019-06-21 02:56:42', 2, 1),
(14, 1, '2019-06-21 02:56:53', 6, 1),
(14, 1, '2019-06-21 02:57:05', 6, 1),
(14, 1, '2019-06-21 02:57:39', 1, 1),
(14, 1, '2019-06-21 02:57:46', 1, 1),
(14, 1, '2019-06-21 02:57:55', 3, 1),
(14, 1, '2019-06-21 02:58:01', 1, 1),
(14, 1, '2019-06-21 02:58:12', 5, 1),
(14, 1, '2019-06-21 02:59:35', 1, 1),
(14, 1, '2019-06-21 03:00:38', 1, 1),
(14, 1, '2019-06-21 03:00:47', 3, 1),
(14, 1, '2019-06-21 03:02:08', 1, 1),
(14, 1, '2019-06-21 03:02:18', 5, 1),
(14, 1, '2019-06-21 03:02:29', 4, 1),
(14, 1, '2019-06-21 03:03:52', 5, 1),
(14, 1, '2019-06-21 03:03:59', 1, 1),
(14, 1, '2019-06-21 03:04:07', 3, 1),
(14, 1, '2019-06-21 03:04:34', 2, 1),
(14, 1, '2019-06-21 03:04:43', 1, 1),
(14, 1, '2019-06-21 03:04:55', 1, 1),
(14, 1, '2019-06-21 03:05:01', 1, 1),
(14, 1, '2019-06-21 03:05:17', 5, 1),
(14, 1, '2019-06-21 03:12:29', 5, 1),
(14, 1, '2019-06-21 03:13:47', 1, 1),
(14, 1, '2019-06-21 03:14:49', 1, 1),
(14, 1, '2019-06-21 03:14:57', 3, 1),
(14, 1, '2019-06-21 03:15:06', 4, 1),
(14, 1, '2019-06-21 03:15:21', 4, 1),
(14, 1, '2019-06-21 03:20:10', 1, 1),
(14, 1, '2019-06-21 03:20:20', 5, 1),
(14, 1, '2019-06-21 03:20:28', 2, 1),
(14, 2, '2019-06-21 01:53:55', 180, 1),
(14, 2, '2019-06-21 02:32:29', 200, 1),
(14, 2, '2019-06-21 02:45:54', 80, 1),
(14, 2, '2019-06-21 02:46:03', 300, 1),
(14, 2, '2019-06-21 02:46:14', 360, 1),
(14, 2, '2019-06-21 02:46:18', 140, 1),
(14, 2, '2019-06-21 02:46:25', 300, 1),
(14, 2, '2019-06-21 02:46:31', 200, 1),
(14, 2, '2019-06-21 02:46:35', 140, 1),
(14, 2, '2019-06-21 02:46:38', 60, 1),
(14, 2, '2019-06-21 02:46:41', 80, 1),
(14, 2, '2019-06-21 02:46:46', 140, 1),
(14, 2, '2019-06-21 02:47:04', 380, 1),
(14, 3, '2019-06-21 01:31:40', 5, 1),
(14, 3, '2019-06-21 01:46:27', 5, 1),
(14, 3, '2019-06-21 01:50:34', 8, 1),
(14, 3, '2019-06-21 01:52:16', 9, 1),
(14, 3, '2019-06-21 01:52:59', 6, 1),
(14, 3, '2019-06-21 02:16:22', 4, 1),
(14, 3, '2019-06-21 02:17:27', 8, 1),
(14, 3, '2019-06-21 02:28:31', 1, 1),
(14, 3, '2019-06-21 02:43:53', 13, 1),
(14, 3, '2019-06-21 02:49:24', 7, 1),
(14, 3, '2019-06-21 03:00:21', 5, 1),
(14, 3, '2019-06-21 03:01:39', 5, 1),
(15, 2, '2019-06-21 01:59:10', 40, 1),
(15, 2, '2019-06-21 01:59:15', 60, 1),
(15, 2, '2019-06-21 01:59:22', 240, 1),
(15, 2, '2019-06-21 01:59:29', 300, 1),
(15, 3, '2019-06-21 02:48:04', 6, 1),
(15, 4, '2019-06-21 01:46:15', 60300, 1),
(16, 1, '2019-06-21 02:37:03', 1, 1),
(16, 1, '2019-06-21 02:37:11', 2, 1),
(16, 1, '2019-06-21 02:37:19', 2, 1),
(16, 1, '2019-06-21 02:37:31', 1, 1),
(16, 1, '2019-06-21 02:37:36', 1, 1),
(16, 1, '2019-06-21 02:58:06', 2, 1),
(16, 1, '2019-06-21 02:58:15', 1, 1),
(16, 1, '2019-06-21 02:58:27', 1, 1),
(16, 1, '2019-06-21 02:58:45', 1, 1),
(16, 1, '2019-06-21 02:58:51', 2, 1),
(16, 1, '2019-06-21 02:58:59', 2, 1),
(16, 1, '2019-06-21 02:59:21', 2, 1),
(16, 1, '2019-06-21 02:59:34', 1, 1),
(16, 1, '2019-06-21 02:59:43', 4, 1),
(16, 2, '2019-06-21 02:20:05', 160, 1),
(16, 2, '2019-06-21 02:20:51', 140, 1),
(16, 2, '2019-06-21 02:21:03', 300, 1),
(16, 2, '2019-06-21 02:21:08', 140, 1),
(16, 2, '2019-06-21 02:21:16', 140, 1),
(16, 3, '2019-06-21 02:42:27', 6, 1),
(16, 4, '2019-06-21 03:21:22', 44752, 1),
(22, 1, '2019-06-21 01:57:21', 10, 1),
(22, 1, '2019-06-21 01:57:35', 7, 1),
(22, 1, '2019-06-21 01:58:11', 1, 1),
(22, 1, '2019-06-21 01:58:29', 8, 1),
(22, 1, '2019-06-21 01:58:36', 2, 1),
(22, 1, '2019-06-21 01:58:44', 4, 1),
(22, 1, '2019-06-21 01:59:02', 10, 1),
(22, 1, '2019-06-21 01:59:07', 1, 1),
(22, 1, '2019-06-21 01:59:16', 4, 1),
(22, 1, '2019-06-21 02:00:29', 16, 1),
(22, 1, '2019-06-21 02:00:35', 2, 1),
(22, 1, '2019-06-21 02:00:43', 3, 1),
(22, 1, '2019-06-21 02:00:49', 2, 1),
(22, 1, '2019-06-21 02:01:15', 7, 1),
(22, 1, '2019-06-21 02:01:45', 2, 1),
(22, 1, '2019-06-21 02:01:52', 1, 1),
(22, 1, '2019-06-21 02:02:00', 4, 1),
(22, 1, '2019-06-21 02:02:13', 7, 1),
(22, 1, '2019-06-21 02:02:29', 5, 1),
(22, 1, '2019-06-21 02:02:37', 2, 1),
(22, 1, '2019-06-21 02:02:45', 4, 1),
(22, 1, '2019-06-21 02:03:02', 11, 1),
(22, 1, '2019-06-21 02:03:31', 19, 1),
(22, 1, '2019-06-21 02:34:42', 4, 1),
(22, 1, '2019-06-21 02:34:51', 3, 1),
(22, 1, '2019-06-21 02:53:30', 2, 1),
(22, 1, '2019-06-21 02:53:54', 12, 1),
(22, 1, '2019-06-21 02:54:01', 1, 1),
(22, 1, '2019-06-21 02:54:06', 1, 1),
(22, 1, '2019-06-21 02:54:41', 26, 1),
(22, 1, '2019-06-21 02:54:55', 3, 1),
(22, 1, '2019-06-21 02:55:05', 4, 1),
(22, 1, '2019-06-21 02:55:16', 5, 1),
(22, 1, '2019-06-21 02:55:25', 3, 1),
(22, 1, '2019-06-21 02:55:32', 2, 1),
(22, 1, '2019-06-21 02:55:38', 1, 1),
(22, 1, '2019-06-21 02:55:44', 2, 1),
(22, 1, '2019-06-21 03:08:57', 13, 1),
(22, 1, '2019-06-21 03:17:02', 2, 1),
(22, 1, '2019-06-21 03:17:09', 2, 1),
(22, 1, '2019-06-21 03:17:20', 5, 1),
(22, 1, '2019-06-21 03:17:35', 9, 1),
(22, 2, '2019-06-21 01:54:01', 280, 1),
(22, 2, '2019-06-21 01:54:09', 300, 1),
(22, 2, '2019-06-21 01:54:17', 300, 1),
(22, 2, '2019-06-21 01:54:25', 360, 1),
(22, 2, '2019-06-21 01:54:29', 160, 1),
(22, 2, '2019-06-21 01:54:41', 380, 1),
(22, 2, '2019-06-21 01:54:44', 120, 1),
(22, 2, '2019-06-21 01:54:51', 300, 1),
(22, 2, '2019-06-21 01:54:54', 140, 1),
(22, 2, '2019-06-21 01:55:01', 200, 1),
(22, 2, '2019-06-21 01:55:04', 140, 1),
(22, 2, '2019-06-21 01:55:09', 200, 1),
(22, 2, '2019-06-21 01:55:11', 120, 1),
(22, 2, '2019-06-21 01:55:19', 380, 1),
(22, 2, '2019-06-21 01:55:27', 200, 1),
(22, 2, '2019-06-21 01:55:30', 140, 1),
(22, 2, '2019-06-21 01:55:43', 220, 1),
(22, 2, '2019-06-21 01:55:48', 220, 1),
(22, 2, '2019-06-21 01:55:54', 280, 1),
(22, 2, '2019-06-21 01:55:59', 300, 1),
(22, 2, '2019-06-21 01:56:06', 300, 1),
(22, 2, '2019-06-21 01:56:13', 360, 1),
(22, 2, '2019-06-21 01:56:25', 300, 1),
(22, 2, '2019-06-21 03:03:41', 200, 1),
(22, 2, '2019-06-21 03:03:49', 300, 1),
(22, 2, '2019-06-21 03:04:01', 380, 1),
(22, 2, '2019-06-21 03:04:04', 100, 1),
(22, 2, '2019-06-21 03:04:10', 380, 1),
(22, 2, '2019-06-21 03:04:13', 140, 1),
(22, 2, '2019-06-21 03:04:18', 160, 1),
(22, 2, '2019-06-21 03:04:21', 180, 1),
(22, 2, '2019-06-21 03:04:27', 140, 1),
(22, 2, '2019-06-21 03:04:30', 120, 1),
(22, 2, '2019-06-21 03:04:36', 260, 1),
(22, 2, '2019-06-21 03:04:43', 200, 1),
(22, 2, '2019-06-21 03:04:47', 140, 1),
(22, 2, '2019-06-21 03:04:59', 360, 1),
(22, 2, '2019-06-21 03:05:03', 160, 1),
(22, 2, '2019-06-21 03:05:08', 160, 1),
(22, 2, '2019-06-21 03:05:12', 140, 1),
(22, 2, '2019-06-21 03:05:20', 360, 1),
(22, 2, '2019-06-21 03:05:28', 360, 1),
(22, 2, '2019-06-21 03:05:32', 200, 1),
(22, 2, '2019-06-21 03:05:46', 300, 1),
(22, 2, '2019-06-21 03:06:02', 380, 1),
(22, 2, '2019-06-21 03:06:05', 180, 1),
(22, 2, '2019-06-21 03:06:08', 140, 1),
(22, 2, '2019-06-21 03:06:17', 380, 1),
(22, 2, '2019-06-21 03:06:23', 300, 1),
(22, 2, '2019-06-21 03:06:31', 320, 1),
(22, 2, '2019-06-21 03:06:43', 200, 1),
(22, 2, '2019-06-21 03:06:53', 380, 1),
(22, 2, '2019-06-21 03:07:00', 300, 1),
(22, 2, '2019-06-21 03:07:10', 160, 1),
(22, 2, '2019-06-21 03:15:20', 120, 1),
(22, 2, '2019-06-21 03:15:44', 300, 1),
(22, 2, '2019-06-21 03:15:47', 140, 1),
(22, 2, '2019-06-21 03:15:54', 300, 1),
(22, 2, '2019-06-21 03:16:00', 300, 1),
(22, 2, '2019-06-21 03:16:05', 200, 1),
(22, 2, '2019-06-21 03:16:10', 160, 1),
(22, 3, '2019-06-21 01:50:46', 4, 1),
(22, 3, '2019-06-21 01:51:24', 5, 1),
(22, 3, '2019-06-21 01:51:49', 5, 1),
(22, 3, '2019-06-21 01:52:12', 9, 1),
(22, 3, '2019-06-21 01:52:47', 9, 1),
(22, 3, '2019-06-21 01:53:12', 12, 1),
(22, 3, '2019-06-21 01:53:45', 6, 1),
(22, 3, '2019-06-21 02:57:22', 5, 1),
(22, 3, '2019-06-21 02:57:44', 8, 1),
(22, 3, '2019-06-21 02:58:00', 4, 1),
(22, 3, '2019-06-21 02:58:14', 9, 1),
(22, 3, '2019-06-21 02:58:35', 7, 1),
(22, 3, '2019-06-21 02:58:57', 7, 1),
(22, 3, '2019-06-21 02:59:11', 3, 1),
(22, 3, '2019-06-21 02:59:37', 7, 1),
(22, 3, '2019-06-21 02:59:54', 5, 1),
(22, 3, '2019-06-21 03:00:20', 8, 1),
(22, 3, '2019-06-21 03:00:35', 7, 1),
(22, 3, '2019-06-21 03:01:54', 6, 1),
(22, 3, '2019-06-21 03:02:25', 9, 1),
(22, 3, '2019-06-21 03:02:47', 9, 1),
(22, 3, '2019-06-21 03:03:12', 8, 1),
(22, 4, '2019-06-21 01:46:12', 12872, 1),
(23, 1, '2019-06-21 02:35:18', 2, 1),
(23, 1, '2019-06-21 02:35:25', 1, 1),
(23, 1, '2019-06-21 02:35:32', 2, 1),
(23, 1, '2019-06-21 02:35:46', 2, 1),
(23, 1, '2019-06-21 02:35:53', 1, 1),
(23, 1, '2019-06-21 02:36:08', 3, 1),
(23, 1, '2019-06-21 02:36:13', 1, 1),
(23, 1, '2019-06-21 02:36:20', 1, 1),
(23, 1, '2019-06-21 02:36:32', 7, 1),
(23, 1, '2019-06-21 02:36:45', 2, 1),
(23, 1, '2019-06-21 02:36:57', 1, 1),
(23, 1, '2019-06-21 02:37:03', 2, 1),
(23, 1, '2019-06-21 02:37:11', 2, 1),
(23, 1, '2019-06-21 02:37:18', 1, 1),
(23, 1, '2019-06-21 02:37:26', 2, 1),
(23, 1, '2019-06-21 02:37:32', 1, 1),
(23, 1, '2019-06-21 02:37:45', 2, 1),
(23, 1, '2019-06-21 02:37:52', 2, 1),
(23, 1, '2019-06-21 02:37:57', 1, 1),
(23, 1, '2019-06-21 02:38:03', 1, 1),
(23, 1, '2019-06-21 02:38:11', 3, 1),
(23, 1, '2019-06-21 02:38:17', 1, 1),
(23, 1, '2019-06-21 02:38:27', 2, 1),
(23, 1, '2019-06-21 02:38:42', 3, 1),
(23, 1, '2019-06-21 02:38:49', 1, 1),
(23, 1, '2019-06-21 02:38:59', 1, 1),
(23, 1, '2019-06-21 02:39:54', 1, 1),
(23, 1, '2019-06-21 02:42:32', 3, 1),
(23, 1, '2019-06-21 02:42:39', 2, 1),
(23, 1, '2019-06-21 02:42:51', 1, 1),
(23, 1, '2019-06-21 02:42:59', 2, 1),
(23, 1, '2019-06-21 02:43:25', 3, 1),
(23, 1, '2019-06-21 02:43:33', 3, 1),
(23, 1, '2019-06-21 02:43:39', 1, 1),
(23, 1, '2019-06-21 02:43:48', 4, 1),
(23, 1, '2019-06-21 02:52:12', 1, 1),
(23, 1, '2019-06-21 02:52:19', 1, 1),
(23, 1, '2019-06-21 02:52:36', 6, 1),
(23, 1, '2019-06-21 02:52:48', 1, 1),
(23, 1, '2019-06-21 02:52:57', 4, 1),
(23, 1, '2019-06-21 02:53:05', 2, 1),
(23, 1, '2019-06-21 02:53:11', 1, 1),
(23, 1, '2019-06-21 02:53:19', 1, 1),
(23, 1, '2019-06-21 02:53:42', 2, 1),
(23, 1, '2019-06-21 02:53:48', 1, 1),
(23, 1, '2019-06-21 02:54:00', 2, 1),
(23, 1, '2019-06-21 02:54:10', 4, 1),
(23, 1, '2019-06-21 02:54:15', 1, 1),
(23, 1, '2019-06-21 02:54:21', 1, 1),
(23, 1, '2019-06-21 02:54:27', 1, 1),
(23, 1, '2019-06-21 02:54:39', 1, 1),
(23, 1, '2019-06-21 02:55:34', 3, 1),
(23, 1, '2019-06-21 02:55:40', 1, 1),
(23, 1, '2019-06-21 02:55:58', 5, 1),
(23, 1, '2019-06-21 02:57:01', 3, 1),
(23, 1, '2019-06-21 02:57:12', 4, 1),
(23, 1, '2019-06-21 02:57:27', 3, 1),
(23, 1, '2019-06-21 02:57:39', 1, 1),
(23, 1, '2019-06-21 02:58:11', 2, 1),
(23, 1, '2019-06-21 02:58:23', 5, 1),
(23, 1, '2019-06-21 02:58:35', 1, 1),
(23, 1, '2019-06-21 02:58:48', 1, 1),
(23, 1, '2019-06-21 02:58:55', 1, 1),
(23, 1, '2019-06-21 02:59:06', 1, 1),
(23, 2, '2019-06-21 02:44:26', 160, 1),
(23, 2, '2019-06-21 02:44:31', 120, 1),
(23, 2, '2019-06-21 02:44:40', 300, 1),
(23, 2, '2019-06-21 02:44:44', 100, 1),
(23, 2, '2019-06-21 02:44:48', 120, 1),
(23, 2, '2019-06-21 02:44:52', 60, 1),
(23, 2, '2019-06-21 02:45:00', 140, 1),
(23, 2, '2019-06-21 02:45:07', 280, 1),
(23, 2, '2019-06-21 02:45:10', 100, 1),
(23, 2, '2019-06-21 02:45:14', 100, 1),
(23, 2, '2019-06-21 02:45:28', 240, 1),
(23, 2, '2019-06-21 02:45:36', 280, 1),
(23, 2, '2019-06-21 02:45:40', 120, 1),
(23, 2, '2019-06-21 02:45:45', 140, 1),
(23, 2, '2019-06-21 02:45:55', 280, 1),
(23, 2, '2019-06-21 02:46:00', 60, 1),
(23, 2, '2019-06-21 02:46:06', 140, 1),
(23, 2, '2019-06-21 02:46:10', 160, 1),
(23, 2, '2019-06-21 02:46:13', 40, 1),
(23, 2, '2019-06-21 02:46:16', 140, 1),
(23, 2, '2019-06-21 02:46:21', 160, 1),
(23, 2, '2019-06-21 02:46:28', 300, 1),
(23, 2, '2019-06-21 02:46:31', 80, 1),
(23, 2, '2019-06-21 02:46:36', 240, 1),
(23, 2, '2019-06-21 02:46:40', 220, 1),
(23, 2, '2019-06-21 02:46:45', 140, 1),
(23, 2, '2019-06-21 02:46:48', 140, 1),
(23, 2, '2019-06-21 02:46:53', 100, 1),
(23, 2, '2019-06-21 02:46:57', 180, 1),
(23, 2, '2019-06-21 02:47:01', 140, 1),
(23, 2, '2019-06-21 02:47:04', 140, 1),
(23, 2, '2019-06-21 02:47:07', 140, 1),
(23, 2, '2019-06-21 02:47:11', 40, 1),
(23, 2, '2019-06-21 02:47:14', 180, 1),
(23, 2, '2019-06-21 02:47:20', 280, 1),
(23, 2, '2019-06-21 02:47:23', 60, 1),
(23, 2, '2019-06-21 02:47:32', 380, 1),
(23, 3, '2019-06-21 02:48:17', 3, 1),
(23, 3, '2019-06-21 02:48:47', 8, 1),
(23, 3, '2019-06-21 03:00:25', 5, 1),
(23, 3, '2019-06-21 03:00:46', 8, 1),
(23, 3, '2019-06-21 03:01:09', 6, 1),
(23, 3, '2019-06-21 03:01:40', 6, 1),
(23, 3, '2019-06-21 03:02:17', 11, 1),
(23, 4, '2019-06-21 01:40:57', 8808, 1),
(26, 1, '2019-06-21 03:13:48', 1, 1),
(26, 1, '2019-06-21 03:14:01', 2, 1),
(26, 1, '2019-06-21 03:14:23', 4, 1),
(26, 2, '2019-06-21 03:14:46', 200, 1),
(26, 2, '2019-06-21 03:14:50', 60, 1),
(26, 2, '2019-06-21 03:14:57', 220, 1),
(26, 2, '2019-06-21 03:15:08', 140, 1),
(26, 4, '2019-06-21 03:19:38', 3784, 1);

-- --------------------------------------------------------

--
-- Structure de la table `TypeJeu`
--

CREATE TABLE `TypeJeu` (
  `idTpJeu` int(11) NOT NULL,
  `intTpJeu` varchar(255) NOT NULL
) ENGINE=InnoDB DEFAULT CHARSET=latin1;

--
-- Contenu de la table `TypeJeu`
--

INSERT INTO `TypeJeu` (`idTpJeu`, `intTpJeu`) VALUES
(1, 'action'),
(2, 'reflexion'),
(3, 'plateforme'),
(4, 'esquive');

-- --------------------------------------------------------

--
-- Structure de la table `TypeScore`
--

CREATE TABLE `TypeScore` (
  `idTpScore` int(11) NOT NULL,
  `intTpScore` varchar(255) NOT NULL
) ENGINE=InnoDB DEFAULT CHARSET=latin1;

--
-- Contenu de la table `TypeScore`
--

INSERT INTO `TypeScore` (`idTpScore`, `intTpScore`) VALUES
(1, 'score'),
(2, 's+'),
(3, 's-'),
(4, 'm+'),
(5, 'm-');

-- --------------------------------------------------------

--
-- Structure de la table `Utilisateur`
--

CREATE TABLE `Utilisateur` (
  `idUt` int(11) NOT NULL,
  `nomUt` varchar(15) NOT NULL,
  `prenomUt` varchar(15) NOT NULL,
  `pseudoUt` varchar(15) NOT NULL,
  `mailUt` varchar(255) NOT NULL,
  `mdp` varchar(255) NOT NULL,
  `sexeUt` enum('m','f') NOT NULL,
  `dateNaissUt` date NOT NULL,
  `ppUt` varchar(255) DEFAULT 'http://51.254.214.140/resources/img/Avatar_1.svg',
  `afficherNomPrenomUt` tinyint(1) NOT NULL DEFAULT '1',
  `afficherSexeUt` tinyint(1) NOT NULL DEFAULT '1',
  `afficherAgeUt` tinyint(1) NOT NULL DEFAULT '1'
) ENGINE=InnoDB DEFAULT CHARSET=latin1;

--
-- Contenu de la table `Utilisateur`
--

INSERT INTO `Utilisateur` (`idUt`, `nomUt`, `prenomUt`, `pseudoUt`, `mailUt`, `mdp`, `sexeUt`, `dateNaissUt`, `ppUt`, `afficherNomPrenomUt`, `afficherSexeUt`, `afficherAgeUt`) VALUES
(14, 'Noir', 'Anthony', 'Amnas', 'anthony.noir@etudiant.univ-reims.fr', '$2y$10$OVBn.NEpR6gHVew2ajq9ZeGUM7in.9VNDp2E9tZPKGQz8MAedeRAS', 'm', '2001-01-23', 'http://51.254.214.140/resources/img/Avatar_1.svg', 1, 1, 1),
(15, 'Cothenet', 'Maxance', 'Krown_', 'maxance.cothenet@gmail.com', '$2y$10$98EJw4S5/RZAMjVi6sA2ZukErliMYYa565dZg5Z3YD8c1s.zp2QbO', 'm', '1999-04-10', 'http://51.254.214.140/resources/img/Avatar_1.svg', 1, 1, 1),
(16, 'Fontaine', 'Pierre', 'Pedroh', 'pierre.fontaine@etudiant.univ-reims.fr', '$2y$10$uSxbc44Xwwx7diPZL7ipTuE55lD.rJckjKZvIeYjTBvkHxif.KcL.', 'm', '1999-12-11', 'http://51.254.214.140/resources/img/Avatar_1.svg', 1, 1, 1),
(18, 'Bendyna', 'Lucas', 'RayVen', 'lucas.bendyna@hotmail.fr', '$2y$10$ltmI.tXRpqGbHIzVR1ez5uj12oG.AP9naeLdyy7ijIYsrQ7ysnW7i', 'm', '1999-12-30', 'http://51.254.214.140/resources/img/Avatar_1.svg', 1, 1, 1),
(22, 'Drumel', 'Maxime', 'Ohemgei', 'maxime.drumel@etudiant.univ-reims.fr', '$2y$10$.XpzYgVPfchy4YcH8vkhTu0rnQ30ThCjeNO6QnHSTGvNVEDiOT3HS', 'm', '2000-10-01', 'http://51.254.214.140/resources/img/Avatar_5.svg', 1, 1, 1),
(23, 'TAPON', 'Gaspard', 'Gaspard', 'gaspard.tapon@etudiant.univ-reims.fr', '$2y$10$RQgdwn/ju61auYbz2.iJiO7TfXV9KI4NvvAdq8uuVSzFtKFYUMUHW', 'm', '2000-02-16', 'http://51.254.214.140/resources/img/Avatar_1.svg', 1, 1, 1),
(24, 'Cheville', 'Rachida', 'Sharow', 'rachida.cheville@hotmail.fr', '$2y$10$GfxJKq2Om4EjhX4pWVkv4OU5mjnzrrcWG57YBnM3DPHzuscLERkJi', 'f', '1992-07-02', 'http://51.254.214.140/resources/img/Avatar_6.svg', 1, 1, 1),
(26, 'PREVOT', 'Robin', 'Greninja_San', 'robin.prevot08@gmail.com', '$2y$10$xIgx1Zd5nTGWQZUBu/Goh.aqjbAnWnp9lzRa1a4UOjuIAUc7cEBIG', 'm', '2000-07-04', 'http://51.254.214.140/resources/img/Avatar_1.svg', 1, 1, 1);

--
-- Index pour les tables exportées
--

--
-- Index pour la table `Avoir`
--
ALTER TABLE `Avoir`
  ADD PRIMARY KEY (`idJeu`,`idTpJeu`),
  ADD KEY `idTpJeu` (`idTpJeu`);

--
-- Index pour la table `Jeu`
--
ALTER TABLE `Jeu`
  ADD PRIMARY KEY (`idJeu`);

--
-- Index pour la table `Message`
--
ALTER TABLE `Message`
  ADD PRIMARY KEY (`idExp`,`idDest`,`dateMess`),
  ADD KEY `idDest` (`idDest`);

--
-- Index pour la table `Note`
--
ALTER TABLE `Note`
  ADD PRIMARY KEY (`idUt`,`idJeu`),
  ADD KEY `idJeu` (`idJeu`);

--
-- Index pour la table `Score`
--
ALTER TABLE `Score`
  ADD PRIMARY KEY (`idUt`,`idJeu`,`dateScore`),
  ADD KEY `idJeu` (`idJeu`),
  ADD KEY `fk_idTpScore` (`idTpScore`);

--
-- Index pour la table `TypeJeu`
--
ALTER TABLE `TypeJeu`
  ADD PRIMARY KEY (`idTpJeu`);

--
-- Index pour la table `TypeScore`
--
ALTER TABLE `TypeScore`
  ADD PRIMARY KEY (`idTpScore`);

--
-- Index pour la table `Utilisateur`
--
ALTER TABLE `Utilisateur`
  ADD PRIMARY KEY (`idUt`);

--
-- AUTO_INCREMENT pour les tables exportées
--

--
-- AUTO_INCREMENT pour la table `Jeu`
--
ALTER TABLE `Jeu`
  MODIFY `idJeu` int(11) NOT NULL AUTO_INCREMENT, AUTO_INCREMENT=7;
--
-- AUTO_INCREMENT pour la table `TypeJeu`
--
ALTER TABLE `TypeJeu`
  MODIFY `idTpJeu` int(11) NOT NULL AUTO_INCREMENT, AUTO_INCREMENT=9;
--
-- AUTO_INCREMENT pour la table `TypeScore`
--
ALTER TABLE `TypeScore`
  MODIFY `idTpScore` int(11) NOT NULL AUTO_INCREMENT, AUTO_INCREMENT=6;
--
-- AUTO_INCREMENT pour la table `Utilisateur`
--
ALTER TABLE `Utilisateur`
  MODIFY `idUt` int(11) NOT NULL AUTO_INCREMENT, AUTO_INCREMENT=27;
--
-- Contraintes pour les tables exportées
--

--
-- Contraintes pour la table `Avoir`
--
ALTER TABLE `Avoir`
  ADD CONSTRAINT `Avoir_ibfk_1` FOREIGN KEY (`idTpJeu`) REFERENCES `TypeJeu` (`idTpJeu`) ON DELETE CASCADE ON UPDATE CASCADE,
  ADD CONSTRAINT `Avoir_ibfk_2` FOREIGN KEY (`idJeu`) REFERENCES `Jeu` (`idJeu`) ON DELETE CASCADE ON UPDATE CASCADE;

--
-- Contraintes pour la table `Message`
--
ALTER TABLE `Message`
  ADD CONSTRAINT `Message_ibfk_1` FOREIGN KEY (`idExp`) REFERENCES `Utilisateur` (`idUt`) ON DELETE CASCADE ON UPDATE CASCADE,
  ADD CONSTRAINT `Message_ibfk_2` FOREIGN KEY (`idDest`) REFERENCES `Utilisateur` (`idUt`) ON DELETE CASCADE ON UPDATE CASCADE;

--
-- Contraintes pour la table `Note`
--
ALTER TABLE `Note`
  ADD CONSTRAINT `Note_ibfk_1` FOREIGN KEY (`idUt`) REFERENCES `Utilisateur` (`idUt`) ON DELETE CASCADE ON UPDATE CASCADE,
  ADD CONSTRAINT `Note_ibfk_2` FOREIGN KEY (`idJeu`) REFERENCES `Jeu` (`idJeu`) ON DELETE CASCADE ON UPDATE CASCADE;

--
-- Contraintes pour la table `Score`
--
ALTER TABLE `Score`
  ADD CONSTRAINT `Score_ibfk_1` FOREIGN KEY (`idUt`) REFERENCES `Utilisateur` (`idUt`) ON DELETE CASCADE ON UPDATE CASCADE,
  ADD CONSTRAINT `Score_ibfk_2` FOREIGN KEY (`idJeu`) REFERENCES `Jeu` (`idJeu`) ON DELETE CASCADE ON UPDATE CASCADE,
  ADD CONSTRAINT `fk_idTpScore` FOREIGN KEY (`idTpScore`) REFERENCES `TypeScore` (`idTpScore`) ON DELETE CASCADE;

/*!40101 SET CHARACTER_SET_CLIENT=@OLD_CHARACTER_SET_CLIENT */;
/*!40101 SET CHARACTER_SET_RESULTS=@OLD_CHARACTER_SET_RESULTS */;
/*!40101 SET COLLATION_CONNECTION=@OLD_COLLATION_CONNECTION */;
